{"cameraMode":{"drawMode":0,"name":"Shaded","section":"Shading Mode"},"sceneLighting":true,"audioPlay":false,"sceneViewState":{"showFog":true,"showMaterialUpdate":true,"showSkybox":true,"showFlares":true,"showImageEffects":true,"showParticleSystems":true,"showVisualEffectGraphs":true,"m_FxEnabled":true},"in2DMode":false,"pivot":{"x":-1.484696626663208,"y":-0.5218615531921387,"z":2.4845571517944338},"rotation":{"x":0.17422030866146089,"y":-0.06493891775608063,"z":0.011515296064317227,"w":0.9824960231781006},"size":2.366025447845459,"orthographic":false}