{"cameraMode":{"drawMode":0,"name":"Shaded","section":"Shading Mode"},"sceneLighting":true,"audioPlay":false,"sceneViewState":{"showFog":true,"showMaterialUpdate":true,"showSkybox":true,"showFlares":true,"showImageEffects":true,"showParticleSystems":true,"showVisualEffectGraphs":true,"m_FxEnabled":true},"in2DMode":false,"pivot":{"x":-1.212265968322754,"y":-0.007108211517333984,"z":5.936304569244385},"rotation":{"x":0.04648303985595703,"y":-0.0014982328284531832,"z":0.00006977368320804089,"w":0.9989187717437744},"size":4.466025352478027,"orthographic":false}