{"cameraMode":{"drawMode":0,"name":"Shaded","section":"Shading Mode"},"sceneLighting":true,"audioPlay":false,"sceneViewState":{"showFog":true,"showMaterialUpdate":true,"showSkybox":true,"showFlares":true,"showImageEffects":true,"showParticleSystems":true,"showVisualEffectGraphs":true,"m_FxEnabled":true},"in2DMode":false,"pivot":{"x":-1.5050280094146729,"y":-0.009302288293838501,"z":-0.3930816054344177},"rotation":{"x":0.031568724662065509,"y":-0.821011483669281,"z":0.045612625777721408,"w":0.5682141184806824},"size":0.9985203146934509,"orthographic":false}