{"cameraMode":{"drawMode":0,"name":"Shaded","section":"Shading Mode"},"sceneLighting":true,"audioPlay":false,"sceneViewState":{"m_AlwaysRefresh":false,"showFog":true,"showSkybox":true,"showFlares":true,"showImageEffects":true,"showParticleSystems":true,"showVisualEffectGraphs":true,"m_FxEnabled":true},"in2DMode":false,"pivot":{"x":-1.2394654750823975,"y":-0.2392902672290802,"z":-5.431055068969727},"rotation":{"x":0.017970379441976548,"y":0.9689407348632813,"z":0.07428377866744995,"w":-0.23525631427764893},"size":0.6990381479263306,"orthographic":false}