{"cameraMode":{"drawMode":2,"name":"Shaded Wireframe","section":"Shading Mode"},"sceneLighting":true,"audioPlay":false,"sceneViewState":{"m_AlwaysRefresh":false,"showFog":true,"showSkybox":true,"showFlares":true,"showImageEffects":true,"showParticleSystems":true,"showVisualEffectGraphs":true,"m_FxEnabled":true},"in2DMode":false,"pivot":{"x":-0.073370561003685,"y":-0.11066031455993653,"z":2.1722140312194826},"rotation":{"x":-0.038383811712265018,"y":0.020393865182995797,"z":-0.0007247132598422468,"w":-0.9990913271903992},"size":1.339165449142456,"orthographic":false}