{"cameraMode":{"drawMode":2,"name":"Shaded Wireframe","section":"Shading Mode"},"sceneLighting":true,"audioPlay":false,"sceneViewState":{"m_AlwaysRefresh":false,"showFog":true,"showSkybox":true,"showFlares":true,"showImageEffects":true,"showParticleSystems":true,"showVisualEffectGraphs":true,"m_FxEnabled":true},"in2DMode":false,"pivot":{"x":-0.5695744752883911,"y":-0.44662100076675417,"z":-0.5775370001792908},"rotation":{"x":0.004986872896552086,"y":0.9842466115951538,"z":-0.1745680868625641,"w":0.034488871693611148},"size":0.33103418350219729,"orthographic":false}