{"cameraMode":{"drawMode":0,"name":"Shaded","section":"Shading Mode"},"sceneLighting":true,"audioPlay":false,"sceneViewState":{"m_AlwaysRefresh":false,"showFog":true,"showSkybox":true,"showFlares":true,"showImageEffects":true,"showParticleSystems":true,"showVisualEffectGraphs":true,"m_FxEnabled":true},"in2DMode":false,"pivot":{"x":0.19481885433197022,"y":-1.0648642778396607,"z":-1.7502797842025757},"rotation":{"x":-0.03797472268342972,"y":-0.9542896151542664,"z":0.13839198648929597,"w":-0.2622983753681183},"size":1.716512680053711,"orthographic":false}