{"cameraMode":{"drawMode":0,"name":"Shaded","section":"Shading Mode"},"sceneLighting":true,"audioPlay":false,"sceneViewState":{"m_AlwaysRefresh":false,"showFog":true,"showSkybox":true,"showFlares":true,"showImageEffects":true,"showParticleSystems":true,"showVisualEffectGraphs":true,"m_FxEnabled":true},"in2DMode":false,"pivot":{"x":0.1619458794593811,"y":-0.001966029405593872,"z":-0.02854025363922119},"rotation":{"x":-0.13935580849647523,"y":-0.5713430047035217,"z":0.09919233620166779,"w":-0.8026899099349976},"size":0.4107855558395386,"orthographic":false}